user_id,sex,age
3,1,33.14
7,1,41.68
8,0,34.8
9,1,35.22
11,1,41.52
14,1,29.18
19,1,39.08
21,1,38.08
24,1,26.08
25,1,30.78
29,1,30.96
33,0,46.92
52,1,35.96
54,1,38.5
56,1,36.0
57,1,35.08
58,1,57.24
61,1,57.76
63,1,35.56
66,0,38.1
67,1,46.5
68,1,41.06
69,1,36.18
70,1,36.0
72,1,40.02
73,1,32.18
80,0,33.14
81,1,38.3
87,1,33.14
96,0,33.56
98,1,26.06
102,1,34.48
104,1,46.92
107,1,24.44
108,1,49.46
113,1,36.24
117,1,44.06
119,1,27.44
120,1,29.22
127,0,46.5
130,1,23.4
139,1,37.1
143,1,32.4
144,1,30.0
145,0,33.46
149,0,32.28
156,1,52.44
158,1,32.7
160,1,33.56
161,1,37.0
164,0,59.54
165,1,34.12
168,1,26.14
175,1,34.6
176,1,30.4
181,1,38.04
183,0,59.56
186,1,32.34
191,1,31.24
193,1,33.0
194,1,35.5
198,0,37.48
200,1,32.54
204,0,45.68
213,1,31.92
218,1,41.0
221,1,41.0
227,1,26.3
228,1,29.44
235,1,32.1
243,1,35.82
247,1,36.9
251,1,34.74
259,1,30.48
261,1,33.84
266,1,36.28
268,1,32.86
269,1,34.94
270,1,25.0
272,1,30.92
273,1,38.12
275,1,34.72
277,1,49.0
278,0,26.04
283,1,35.64
285,1,42.74
286,1,34.48
288,1,31.02
290,1,41.02
292,1,34.38
294,1,33.02
295,1,31.52
298,1,36.32
304,1,26.22
308,1,40.5
309,0,31.86
311,0,44.0
320,1,34.54
325,1,26.04
334,1,35.94
337,1,42.46
339,1,33.02
343,1,26.36
344,1,22.64
349,1,45.0
351,1,23.68
352,1,38.12
354,1,37.96
355,0,33.18
356,1,52.02
359,0,52.0
368,1,44.0
376,1,52.0
380,1,41.82
381,1,35.32
385,1,45.02
388,1,39.68
389,1,24.92
390,1,27.44
392,1,33.66
393,1,42.36
394,1,58.94
398,1,39.16
399,1,32.12
403,1,34.4
404,1,37.38
405,1,40.58
407,1,41.24
412,1,47.44
415,1,36.42
416,1,27.92
422,1,35.96
423,1,38.46
425,1,27.24
427,1,37.32
428,0,32.18
430,1,29.04
431,1,34.54
433,1,52.92
438,1,41.72
443,1,38.16
449,1,26.14
450,1,27.44
454,1,35.34
457,1,31.16
459,1,37.64
460,1,42.2
464,1,49.56
466,1,41.0
467,0,40.66
479,1,28.1
482,1,45.02
483,1,31.6
484,1,30.32
487,1,33.3
488,1,57.3
489,1,32.2
496,1,32.18
498,1,38.58
501,1,47.24
502,1,30.58
503,1,38.68
508,1,51.28
512,0,37.26
514,1,41.0
516,1,32.08
522,1,25.94
533,1,34.7
544,1,36.62
545,0,41.54
548,1,31.64
554,1,33.14
555,1,27.02
557,1,41.56
566,1,33.62
575,1,33.18
576,1,30.46
580,0,48.0
592,1,33.32
595,1,34.0
605,1,35.14
606,0,34.3
607,1,35.72
615,1,33.12
617,1,34.06
618,1,24.78
620,1,44.96
622,1,33.12
629,1,36.22
633,1,26.4
634,1,42.16
638,1,31.94
639,1,30.94
648,1,29.72
652,1,34.0
653,0,57.08
662,1,52.18
667,1,27.44
669,1,29.84
671,1,34.46
673,1,31.2
678,1,36.54
682,1,42.64
685,0,49.64
688,1,32.44
689,1,30.9
692,1,34.24
694,1,26.42
697,1,36.08
706,1,32.42
708,1,38.06
710,1,33.08
720,1,34.06
722,1,39.48
725,1,33.06
726,1,45.06
727,1,30.92
728,1,32.02
740,1,32.58
743,1,36.32
745,1,36.12
749,1,32.5
756,1,56.5
761,1,53.8
766,1,29.84
769,1,29.9
775,1,28.06
781,0,29.32
784,1,28.98
787,1,27.1
788,1,45.02
789,1,34.22
791,0,41.22
793,1,38.38
796,1,33.84
797,1,51.02
798,1,26.18
799,1,31.1
801,1,48.5
802,1,26.68
806,1,27.98
809,1,31.2
811,1,40.24
812,1,29.78
814,1,28.66
815,1,28.8
816,1,32.88
822,1,28.86
828,1,31.34
832,1,38.7
834,1,41.96
837,1,31.16
841,1,48.5
842,1,31.36
850,1,28.02
851,1,48.04
852,1,48.84
858,1,33.98
863,1,32.72
864,1,46.0
865,1,32.84
869,0,33.96
871,1,32.48
877,1,27.0
879,1,25.0
880,1,31.86
881,1,33.88
882,1,34.44
888,1,28.4
889,1,27.08
892,1,33.64
893,1,26.08
894,1,32.76
896,0,35.84
900,1,25.0
901,0,30.44
904,1,40.02
906,0,41.2
909,1,27.1
916,0,41.2
919,1,29.0
922,1,29.74
926,1,26.08
928,1,40.42
935,1,27.52
936,1,33.5
940,1,54.78
942,0,35.0
946,1,32.12
947,1,27.16
948,1,35.16
949,1,22.0
951,1,27.06
953,1,29.26
957,1,37.76
959,0,29.46
963,0,29.88
964,1,28.08
970,1,31.9
971,1,27.6
972,1,26.7
979,1,30.78
981,1,38.8
983,1,25.88
987,1,29.38
988,0,30.88
993,1,34.92
994,1,30.96
996,1,44.78
997,1,31.74
1000,1,29.38
1001,1,29.56
1002,1,29.06
1008,0,30.48
1015,1,38.46
1018,1,33.06
1022,1,30.84
1031,0,25.2
1032,1,25.0
1033,1,29.38
1034,1,42.28
1035,1,32.66
1039,0,34.9
1040,1,31.2
1055,1,32.0
1057,1,28.58
1064,1,20.0
1070,1,33.18
1079,1,36.16
1084,0,36.02
1088,1,35.32
1089,1,40.0
1091,1,32.0
1092,1,29.76
1097,1,46.0
1099,1,26.98
1101,1,37.8
1110,1,27.14
1113,0,36.8
1116,0,53.98
1118,0,46.04
1131,1,33.2
1132,1,32.3
1136,1,38.04
1138,1,31.08
1141,1,29.02
1142,1,38.86
1147,1,43.9
1148,1,32.92
1153,1,32.64
1156,1,30.72
1160,1,59.64
1165,1,29.08
1166,1,52.18
1174,1,32.74
1181,1,34.04
1183,1,39.12
1184,1,41.74
1186,1,41.68
1189,1,59.46
1193,1,35.08
1194,1,24.98
1198,1,42.12
1202,1,31.54
1210,1,33.72
1214,0,36.4
1215,1,32.64
1216,1,33.22
1221,1,43.94
1223,1,26.92
1225,1,26.96
1228,0,47.66
1233,1,42.28
1236,1,46.38
1237,1,32.42
1238,1,32.9
1239,0,30.54
1241,1,33.94
1247,1,26.2
1248,0,36.32
1251,1,41.18
1256,1,33.88
1257,1,30.62
1258,1,27.22
1261,1,32.06
1266,1,35.0
1268,1,33.26
1270,0,32.08
1273,1,25.0
1276,0,23.98
1277,1,36.88
1282,1,40.18
1284,0,29.74
1285,1,41.8
1286,1,36.26
1288,1,33.02
1289,1,34.0
1301,1,25.0
1308,1,35.0
1313,0,31.06
1314,0,29.24
1322,1,40.14
1324,1,36.22
1325,1,34.66
1327,0,40.06
1329,1,46.74
1332,1,27.0
1336,1,46.0
1338,1,38.8
1346,1,48.0
1348,1,31.0
1349,1,36.12
1351,1,38.12
1354,1,35.0
1362,1,37.18
1363,1,29.36
1369,1,48.66
1374,1,33.16
1379,1,30.72
1381,1,45.34
1382,1,36.08
1390,1,55.92
1393,1,35.0
1398,0,41.88
1399,1,51.0
1400,1,39.38
1405,1,33.76
1408,1,54.62
1409,1,37.32
1411,1,29.42
1416,1,32.48
1421,1,35.96
1427,0,42.76
1431,1,40.0
1433,1,41.8
1434,1,26.0
1435,1,48.66
1439,1,41.58
1440,1,31.14
1441,1,41.44
1443,0,48.72
1444,1,40.24
1445,1,40.96
1447,1,34.04
1450,1,51.7
1451,1,29.36
1454,1,39.18
1466,1,43.92
1467,1,37.36
1470,1,40.16
1471,1,58.5
1472,1,39.1
1476,1,24.88
1483,1,34.02
1488,1,33.52
1494,0,38.32
1495,1,37.2
1496,1,40.0
1500,1,37.44
1502,1,58.74
1514,1,32.08
1518,1,37.18
1520,1,37.06
1523,0,27.5
1526,1,33.42
1528,0,42.0
1532,1,33.34
1533,1,35.3
1538,1,30.62
1539,1,36.12
1540,1,40.0
1543,1,38.48
1545,1,36.64
1547,1,30.94
1548,1,52.18
1549,1,39.6
1550,1,35.76
1551,1,32.64
1552,1,44.92
1553,0,38.08
1554,1,36.82
1556,1,41.5
1557,1,36.42
1558,1,38.84
1560,1,31.78
1562,1,35.92
1575,1,37.04
1582,1,32.42
1584,1,37.0
1587,0,38.78
1588,1,32.42
1589,0,46.86
1597,0,26.64
1602,1,35.7
1610,1,29.18
1614,1,38.92
1615,1,43.1
1628,1,58.72
1632,1,49.0
1635,1,32.02
1640,1,33.58
1643,1,33.88
1647,1,48.7
1651,1,26.88
1652,1,29.2
1653,1,27.04
1665,1,38.66
1668,1,24.04
1670,1,24.04
1671,1,42.1
1677,1,26.86
1679,1,29.26
1680,1,35.0
1685,1,34.44
1689,1,58.58
1690,1,37.04
1693,1,31.32
1696,0,34.86
1703,1,38.52
1713,1,37.1
1715,1,37.18
1717,1,29.12
1721,1,34.72
1723,1,29.5
1726,1,30.96
1727,1,30.52
1729,1,28.8
1730,1,35.16
1733,1,33.34
1737,1,47.14
1738,1,40.98
1747,1,33.36
1748,1,24.96
1749,1,30.64
1750,1,27.58
1752,1,31.2
1760,1,34.62
1763,0,36.4
1771,1,44.84
1775,1,43.06
1787,0,31.06
1791,1,37.76
1794,1,43.1
1796,1,38.4
1797,1,34.22
1801,1,30.36
1802,1,39.42
1803,1,40.0
1807,0,27.76
1808,1,34.14
1809,1,33.88
1810,1,29.24
1812,0,33.0
1816,1,30.36
1823,1,31.3
1828,1,42.26
1830,1,51.98
1832,1,31.08
1837,1,31.0
1842,1,30.14
1848,1,26.8
1850,1,34.0
1855,1,54.02
1858,0,30.26
1859,0,32.56
1868,1,44.86
1874,1,35.94
1875,1,32.16
1881,1,24.96
1882,1,23.96
1883,1,26.74
1892,1,32.74
1893,1,30.88
1911,1,38.54
1915,1,26.76
1922,0,31.06
1923,1,37.08
1926,1,27.26
1930,0,36.82
1939,1,31.12
1940,1,30.88
1943,0,26.08
1944,1,33.56
1945,1,48.64
1946,1,38.72
1953,1,43.12
1960,0,49.82
1962,1,24.0
1967,1,40.0
1972,1,26.72
1979,1,48.62
1982,1,44.76
1995,1,28.12
1998,1,38.9
1999,1,28.8
2001,0,29.72
2004,1,31.0
2005,1,50.98
2007,0,37.0
2009,1,30.0
2011,1,40.0
2012,1,24.02
2016,1,35.5
2017,1,33.96
2020,0,36.02
2023,1,30.3
2029,1,31.26
2034,1,37.0
2035,1,50.94
2038,1,23.1
2045,0,33.3
2050,1,27.6
2054,1,31.12
2065,1,27.94
2066,1,32.12
2067,0,30.36
2073,1,44.76
2075,1,54.16
2087,1,47.0
2088,1,23.5
2089,1,30.72
2095,0,48.64
2102,1,38.76
2105,1,50.86
2107,1,23.1
2117,1,27.86
2122,1,27.02
2129,1,29.42
2130,0,30.08
2131,1,32.0
2132,1,24.02
2134,1,47.08
2139,1,31.04
2140,1,26.66
2144,1,43.78
2148,1,24.92
2149,1,37.0
2152,1,39.88
2155,0,33.46
2159,1,38.14
2162,1,40.74
2167,1,48.62
2169,1,32.0
2176,1,23.14
2178,1,28.1
2182,1,38.7
2192,1,38.0
2198,1,24.08
2200,1,34.16
2201,1,31.72
2206,1,30.94
2207,1,36.44
2215,0,35.18
2218,1,37.04
2220,1,35.16
2223,1,29.62
2226,1,38.56
2229,1,33.84
2232,1,39.56
2237,0,35.5
2238,1,32.04
2239,0,38.92
2244,1,30.04
2247,1,38.82
2252,1,35.18
2253,1,29.76
2254,1,51.62
2258,1,27.0
2262,1,28.24
2264,1,38.84
2273,1,31.14
2277,0,32.14
2284,1,41.0
2290,1,37.14
2295,1,29.3
2311,1,30.2
2314,1,37.14
2315,0,29.84
2317,1,30.12
2318,1,38.8
2324,1,31.1
2326,1,52.18
2327,1,26.0
2329,1,47.34
2331,1,37.14
2337,1,26.68
2338,1,26.46
2341,1,31.9
2345,1,27.98
2346,1,34.02
2347,0,37.2
2352,0,37.3
2355,1,32.72
2356,1,45.04
2358,1,45.86
2360,1,39.84
2363,1,34.68
2364,1,58.84
2367,1,47.04
2369,1,29.82
2371,1,30.16
2372,0,30.38
2375,1,34.98
2376,1,45.0
2377,1,45.94
2379,1,45.42
2381,1,42.9
2382,0,49.76
2387,1,40.02
2396,1,34.4
2401,1,57.66
2405,1,29.9
2406,1,26.96
2408,1,35.04
2420,1,26.64
2424,1,30.12
2427,1,29.86
2428,1,45.32
2434,1,32.8
2435,1,47.54
2439,1,38.88
2443,1,37.26
2444,1,35.12
2446,1,32.1
2448,1,35.56
2455,1,29.02
2463,1,37.32
2467,1,33.76
2470,1,32.96
2476,1,26.66
2477,1,29.2
2479,0,31.4
2480,1,34.52
2483,1,32.5
2484,1,29.84
2492,1,47.06
2493,1,39.9
2494,1,33.0
2498,1,34.06
2501,1,22.0
2502,1,31.92
2503,1,47.98
2505,1,36.16
2515,1,38.02
2521,1,30.92
2525,1,49.6
2528,1,25.0
2529,1,36.96
2536,1,29.66
2548,1,36.64
2552,0,46.76
2555,0,37.46
2558,1,45.7
2561,0,38.9
2565,0,29.26
2568,0,46.46
2571,1,31.26
2576,1,37.72
2583,1,37.64
2587,1,36.44
2588,1,37.32
2591,1,37.32
2598,1,40.0
2599,1,21.64
2601,1,34.0
2602,1,48.78
2605,1,23.88
2607,0,53.16
2608,1,49.06
2610,1,39.24
2612,1,37.78
2614,1,37.18
2617,1,24.34
2618,1,55.0
2620,1,26.02
2621,1,51.0
2622,1,31.7
2627,1,24.48
2634,1,59.32
2636,1,31.88
2638,0,22.8
2644,1,34.5
2650,1,24.52
2653,1,34.2
2660,1,46.1
2664,1,33.36
2675,1,27.62
2676,0,41.32
2677,0,31.74
2679,1,32.66
2680,1,49.0
2683,1,59.72
2684,1,31.78
2691,1,35.96
2692,1,35.9
2693,1,24.02
2701,1,41.7
2704,1,25.2
2705,1,35.6
2712,1,25.72
2713,1,39.98
2714,1,31.28
2717,1,34.9
2724,1,46.56
2725,1,36.16
2729,1,28.7
2734,1,33.46
2735,1,34.66
2736,1,27.9
2743,1,32.44
2744,1,31.08
2749,1,37.32
2750,1,34.54
2752,1,28.3
2755,1,59.6
2760,1,44.0
2762,1,43.1
2763,1,35.66
2766,1,30.44
2771,1,38.74
2777,1,37.22
2780,1,58.28
2782,1,35.02
2783,1,33.98
2784,1,30.2
2791,1,36.74
2796,1,40.98
2799,1,30.2
2801,0,46.68
2803,1,31.3
2805,1,28.98
2806,1,41.24
2807,1,49.0
2811,1,30.56
2812,1,38.0
2813,1,37.32
2814,1,40.56
2816,1,33.78
2818,1,40.88
2820,1,36.0
2821,0,35.1
2822,1,35.36
2826,0,44.86
2828,1,34.94
2829,1,37.48
2831,1,35.04
2832,1,35.86
2835,0,31.92
2841,1,32.0
2842,1,34.2
2844,1,30.08
2845,1,30.5
2847,1,34.02
2849,1,25.36
2850,1,28.88
2852,1,35.84
2856,1,32.66
2861,1,35.04
2862,1,30.06
2869,1,34.86
2875,0,37.32
2877,1,31.3
2878,1,59.28
2880,1,26.66
2881,1,32.26
2885,1,39.76
2886,1,24.22
2888,1,27.32
2890,1,56.08
2892,1,25.7
2893,0,36.62
2897,1,33.32
2900,1,34.36
2902,1,55.1
2905,1,25.9
2907,1,31.3
2908,0,32.38
2910,1,32.22
2921,1,30.04
2923,1,24.06
2930,1,28.18
2935,1,30.62
2939,1,28.14
2942,0,24.06
2946,1,34.86
2947,1,34.96
2948,1,35.68
2949,1,45.66
2951,0,28.54
2955,0,47.0
2956,1,49.0
2957,1,58.0
2958,1,36.0
2962,1,36.0
2968,1,31.56
2974,0,33.16
2975,1,33.04
2976,1,31.56
2977,1,28.9
2984,1,32.62
2985,1,30.2
2987,1,26.98
2990,0,34.88
2991,1,24.02
2992,1,24.82
2994,0,33.62
2995,1,29.78
2996,1,35.38
2997,1,29.1
3001,0,37.82
3003,1,27.2
3008,0,28.34
3010,1,31.12
3011,1,32.7
3013,1,37.54
3023,1,27.66
3032,1,24.1
3033,0,31.94
3035,1,28.34
3036,1,37.28
3039,1,32.9
3040,1,26.08
3042,1,26.48
3043,1,26.9
3044,0,29.88
3045,1,43.12
3046,1,36.0
3047,1,34.32
3050,1,41.82
3060,1,33.28
3064,1,27.6
3069,1,30.42
3071,0,32.98
3072,1,46.04
3079,1,26.38
3085,1,30.66
3094,1,39.66
3095,1,55.76
3097,1,45.0
3107,1,30.38
3121,1,49.66
3123,1,33.22
3129,1,39.66
3138,1,38.2
3139,1,31.3
3140,1,34.22
3141,1,39.46
3151,1,41.52
3152,1,34.4
3153,1,35.1
3155,1,31.88
3157,1,32.66
3158,0,36.0
3165,1,30.1
3167,1,37.0
3168,1,36.54
3184,1,43.62
3188,0,35.04
3191,1,33.92
3192,1,39.58
3195,1,53.38
3198,1,27.04
3201,1,32.62
3202,1,37.4
3204,1,25.42
3206,1,59.62
3207,1,30.4
3219,1,35.02
3226,1,29.26
3232,1,41.48
3236,1,27.08
3237,1,35.34
3239,1,33.0
3245,1,30.16
3247,0,37.0
3248,1,33.02
3249,1,30.24
3253,1,49.22
3259,1,37.64
3261,1,25.24
3264,1,26.82
3265,1,48.6
3268,1,29.6
3271,1,35.02
3272,0,40.8
3279,1,39.42
3282,1,49.52
3284,1,46.06
3286,1,49.64
3292,1,32.62
3295,1,43.0
3298,1,31.5
3300,1,35.28
3304,1,33.06
3305,1,43.38
3309,1,43.42
3320,1,35.0
3323,1,29.46
3326,0,31.76
3329,1,36.12
3334,1,27.94
3337,1,39.62
3341,1,55.0
3342,1,24.54
3346,1,27.46
3348,0,34.32
3350,1,30.06
3351,1,30.82
3355,1,34.8
3358,1,26.38
3361,1,34.0
3363,1,45.54
3364,1,59.48
3368,1,26.4
3371,1,38.72
3375,1,54.0
3377,1,34.04
3379,1,38.64
3385,1,49.78
3387,1,53.8
3388,1,26.44
3389,1,38.38
3391,1,38.48
3392,1,55.1
3394,1,24.7
3399,1,38.46
3402,1,37.0
3403,1,35.28
3408,1,45.0
3416,1,32.96
3425,1,50.96
3430,1,31.32
3431,1,33.06
3435,1,36.0
3436,1,30.94
3442,1,25.34
3443,1,32.22
3445,1,36.5
3446,1,30.06
3447,1,31.26
3449,1,30.5
3458,1,23.28
3461,1,49.0
3463,1,38.56
3464,1,36.0
3471,1,33.22
3474,1,33.2
3489,1,29.3
3496,1,30.0
3498,1,30.88
3502,1,46.04
3505,1,33.0
3509,1,38.98
3514,1,47.26
3518,1,29.98
3525,0,38.58
3529,1,23.66
3541,0,49.1
3544,1,48.96
3547,1,38.42
3551,1,26.74
3556,1,47.46
3559,1,47.48
3563,1,39.04
3564,0,34.02
3568,1,30.02
3574,0,41.78
3575,1,31.4
3577,1,30.0
3578,1,39.8
3580,0,33.36
3586,1,29.22
3589,1,37.0
3595,1,30.42
3601,1,49.6
3605,1,36.0
3610,1,30.32
3617,1,34.16
3618,1,26.64
3623,1,29.04
3625,1,30.34
3627,1,39.04
3632,1,30.5
3633,1,34.0
3634,1,28.84
3638,1,26.82
3641,1,32.28
3643,1,34.16
3647,0,23.56
3652,0,37.4
3654,1,26.48
3659,0,39.58
3661,1,37.0
3662,1,35.6
3671,1,42.34
3672,1,39.04
3681,1,43.12
3685,1,21.0
3694,1,37.08
3695,1,25.68
3706,1,36.98
3715,1,41.52
3716,1,54.08
3717,1,33.68
3722,1,35.0
3723,1,32.0
3724,1,43.0
3728,1,42.2
3731,1,31.6
3736,0,41.5
3737,1,29.8
3741,1,43.0
3748,0,39.7
3750,1,23.22
3760,1,38.28
3762,1,30.84
3764,1,47.46
3766,1,47.46
3768,1,32.46
3770,1,49.14
3775,1,34.5
3779,1,29.48
3783,1,59.38
3786,0,34.3
3795,1,40.88
3802,1,33.08
3807,1,30.28
3811,1,34.12
3812,1,29.86
3814,1,33.06
3815,1,28.92
3819,1,37.64
3830,1,34.54
3831,1,33.64
3832,1,33.32
3833,1,41.58
3839,0,38.0
3841,1,49.56
3842,1,31.7
3846,1,40.0
3847,1,34.44
3848,1,32.7
3849,1,43.0
3851,1,30.4
3852,1,34.76
3855,1,29.04
3857,1,36.84
3859,1,36.0
3871,1,45.34
3872,1,35.54
3875,1,37.3
3878,1,31.3
3888,1,35.18
3889,1,41.96
3900,1,32.1
3903,1,39.0
3905,1,31.88
3909,1,28.78
3910,1,28.46
3922,1,28.78
3925,1,39.02
3926,1,42.0
3934,1,41.48
3937,1,32.12
3943,1,32.04
3947,1,36.0
3952,1,25.24
3956,1,33.02
3959,1,37.06
3961,1,27.04
3963,1,24.0
3965,1,29.22
3967,0,37.4
3969,1,30.52
3971,1,31.14
3979,1,26.86
3987,1,36.0
3988,1,32.7
3992,1,24.98
3995,1,27.04
4000,1,25.2
4002,1,29.8
4004,1,29.72
4005,1,26.64
4006,1,27.88
4007,1,22.28
4009,1,28.78
4014,1,30.3
4018,1,30.06
4020,1,33.32
4021,1,36.0
4022,1,37.0
4032,1,35.48
4037,1,51.76
4038,1,28.12
4040,1,40.12
4041,1,42.74
4047,1,38.44
4048,1,46.2
4049,1,29.16
4052,1,31.4
4056,1,30.9
4057,1,29.92
4061,1,30.74
4066,1,34.32
4071,1,31.86
4074,1,33.02
4077,1,42.22
4091,1,28.28
4094,1,29.18
4099,1,43.08
4101,1,36.0
4102,1,28.72
4103,1,25.72
4104,1,43.68
4105,1,28.34
4107,1,21.68
4110,1,23.54
4111,1,33.24
4112,1,27.14
4120,1,25.8
4124,1,28.94
4126,1,35.48
4127,1,31.28
4132,1,31.2
4135,1,25.94
4145,1,26.22
4147,1,33.44
4152,1,39.02
4160,1,41.34
4161,1,25.84
4164,1,28.98
4172,1,35.04
4174,1,33.36
4176,1,29.3
4177,1,32.36
4179,1,23.52
4181,1,31.56
4183,1,29.28
4185,1,34.0
4190,1,33.94
4194,1,29.94
4195,1,31.28
4196,1,43.0
4197,1,35.06
4209,1,36.34
4214,1,39.0
4216,1,29.82
4219,1,36.76
4223,1,34.14
4224,1,39.28
4226,1,35.88
4228,1,34.0
4234,1,29.12
4242,1,39.48
4253,0,37.02
4259,1,30.14
4261,1,24.6
4264,1,35.04
4270,1,36.0
4277,0,51.7
4284,0,32.88
4285,1,57.0
4287,1,38.88
4288,1,43.12
4289,1,33.0
4290,1,30.88
4291,1,28.32
4292,1,33.64
4294,1,49.58
4295,1,25.6
4297,1,34.16
4298,1,31.1
4301,1,29.24
4302,1,29.2
4304,1,55.56
4307,1,58.54
4313,1,51.7
4324,1,55.36
4326,0,39.28
4330,1,49.52
4334,1,32.74
4335,1,35.04
4338,1,37.06
4347,0,33.82
4350,1,40.22
4352,1,37.0
4353,1,27.5
4359,1,30.9
4361,1,34.22
4363,1,29.88
4367,1,34.78
4374,1,42.64
4377,1,29.68
4382,0,36.64
4386,0,54.0
4404,0,40.24
4407,0,40.24
4409,0,23.82
4414,1,36.0
4417,1,29.24
4420,1,27.16
4423,1,24.94
4429,1,33.9
4432,1,31.3
4437,1,26.08
4440,1,33.5
4442,1,52.0
4449,1,32.96
4458,1,30.3
4461,1,60.0
4468,1,50.98
4477,1,55.7
4479,0,51.06
4481,1,27.0
4486,0,43.92
4495,0,40.28
4496,1,21.64
4500,1,37.76
4503,1,51.06
4506,1,33.02
4515,0,54.0
4519,1,44.1
4522,1,37.14
4523,1,38.0
4524,1,46.84
4527,1,37.98
4528,1,36.0
4535,1,37.38
4536,1,32.0
4537,0,32.0
4547,1,49.76
4548,1,34.12
4554,1,33.02
4559,1,29.86
4563,1,32.0
4567,1,34.3
4569,0,34.1
4573,1,38.12
4574,1,23.62
4576,1,30.82
4577,1,32.0
4578,1,54.08
4586,1,29.04
4592,1,45.88
4595,1,35.02
4599,1,50.5
4600,1,32.06
4604,1,32.02
4606,1,26.06
4609,1,23.12
4613,1,32.38
4619,1,26.76
4622,1,59.24
4623,1,49.06
4625,1,46.18
4627,1,45.68
4628,1,48.88
4629,1,31.9
4630,1,41.06
4637,1,27.52
4639,1,51.7
4640,1,26.02
4641,0,34.08
4649,1,34.16
4650,0,34.08
4654,1,36.54
4656,1,36.02
4661,1,37.0
4666,1,35.38
4668,1,26.36
4669,1,38.48
4673,1,30.66
4674,1,36.74
4675,1,33.04
4676,1,33.12
4678,1,30.64
4684,1,27.02
4685,1,33.0
4687,1,33.6
4690,1,35.28
4693,1,44.18
4694,1,27.14
4695,1,33.7
4696,1,29.52
4697,1,37.9
4701,1,30.88
4703,1,37.02
4704,0,32.02
4709,1,40.98
4712,1,33.42
4713,1,24.9
4719,1,25.92
4723,1,37.0
4724,1,30.62
4726,1,37.9
4729,1,27.06
4730,1,32.38
4732,1,34.1
4736,1,23.06
4738,1,40.98
4741,1,43.7
4742,1,43.04
4744,1,31.46
4747,1,31.76
4753,1,30.38
4756,1,28.98
4759,1,27.56
4769,1,28.58
4773,1,33.16
4778,1,32.0
4779,1,22.12
4783,1,34.98
4787,1,24.96
4788,1,31.72
4789,1,32.98
4794,1,36.04
4796,1,23.06
4797,1,32.14
4807,1,55.2
4809,1,41.22
4814,1,28.34
4817,1,33.42
4818,1,32.0
4820,0,27.08
4829,1,39.24
4835,1,41.96
4842,1,23.06
4844,1,27.26
4845,0,33.16
4849,0,32.0
4852,1,27.28
4853,1,27.18
4854,1,35.06
4855,0,49.06
4856,1,29.78
4859,1,39.54
4860,1,35.02
4862,1,32.12
4869,1,41.28
4873,1,30.66
4875,1,37.0
4881,0,47.0
4886,1,38.04
4887,1,32.22
4889,1,33.48
4890,0,31.98
4897,1,29.0
4901,1,23.66
4906,1,38.08
4913,1,32.74
4919,1,42.0
4920,1,28.32
4922,1,32.1
4923,0,34.32
4924,1,33.28
4927,1,34.26
4929,1,39.8
4931,1,34.16
4936,1,34.14
4942,1,44.34
4947,1,34.06
4949,1,26.68
4953,1,27.94
4956,1,38.02
4963,1,28.7
4965,1,30.82
4966,1,38.1
4973,1,34.82
4979,1,33.0
4981,1,35.08
4984,1,40.0
4994,1,32.0
4995,1,44.32
4997,1,26.02
4999,0,39.36
5002,1,39.5
5005,1,35.28
5006,1,33.02
5013,0,32.08
5017,1,31.4
5018,1,26.26
5026,1,31.88
5035,1,32.32
5036,1,23.2
5041,1,30.92
5042,1,27.44
5043,0,40.04
5045,1,24.58
5046,1,29.0
5047,1,34.38
5063,1,29.14
5066,1,59.38
5067,1,26.28
5070,1,26.28
5071,1,42.14
5072,1,36.44
5078,1,35.3
5083,1,57.0
5087,1,32.06
5088,1,29.76
5091,1,23.12
5093,1,23.12
5094,0,41.0
5099,1,30.12
5104,1,25.06
5111,1,35.1
5113,1,25.72
5128,1,25.76
5129,1,28.8
5131,0,40.66
5137,1,29.0
5145,1,31.78
5146,1,23.02
5149,1,34.3
5153,1,28.64
5155,1,31.82
5167,1,55.44
5178,1,25.66
5179,1,48.0
5180,1,32.0
5186,1,37.88
5188,1,29.9
5191,1,30.4
5192,1,28.86
5197,1,33.94
5200,0,26.24
5206,1,25.78
5208,1,32.38
5209,1,31.34
5211,1,24.52
5215,1,23.88
5220,1,39.6
5231,0,39.6
5238,0,48.48
5239,1,31.94
5248,1,23.04
5261,1,37.0
5267,1,32.82
5275,0,32.1
5278,1,23.18
5284,1,49.54
5288,1,33.44
5290,1,46.28
5291,1,31.46
5294,1,24.32
5301,1,29.68
5304,0,37.4
5306,1,23.34
5311,1,33.22
5317,1,25.04
5318,1,33.52
5321,1,31.72
5323,1,42.0
5324,1,35.2
5327,1,32.5
5330,1,45.12
5333,1,23.18
5334,1,35.02
5339,1,38.02
5341,1,32.06
5345,1,39.16
5346,1,40.02
5349,1,36.04
5353,1,32.28
5357,1,29.12
5359,1,32.98
5361,0,33.36
5364,1,33.96
5367,1,31.68
5371,1,42.62
5374,1,29.12
5375,1,33.94
5376,1,30.42
5378,1,29.12
5381,1,31.46
5382,1,43.14
5384,1,30.32
5387,1,29.06
5390,1,33.9
5391,1,31.26
5396,1,47.0
5399,0,32.14
5400,1,31.24
5401,1,28.94
5402,1,41.1
5406,1,27.02
5407,0,43.42
5409,1,34.86
5411,1,38.02
5416,1,39.02
5418,1,35.02
5419,1,39.02
5422,1,36.74
5437,0,45.88
5439,1,42.0
5441,1,26.2
5443,1,23.06
5444,0,46.96
5451,0,27.6
5458,1,30.94
5459,1,42.0
5460,1,42.02
5466,1,31.62
5468,0,45.96
5470,1,57.0
5471,1,33.26
5474,0,59.54
5478,0,31.08
5480,1,33.0
5483,1,35.32
5491,1,33.98
5493,1,36.12
5499,1,42.0
5501,0,44.22
5502,1,27.24
5503,1,40.14
5510,1,42.04
5516,0,36.76
5523,1,42.04
5524,1,43.34
5536,0,52.0
5545,1,33.0
5560,1,35.38
5563,1,26.94
5565,1,36.28
5567,1,25.24
5574,1,44.52
5576,1,32.02
5582,1,31.32
5586,1,33.06
5588,1,40.0
5600,1,34.0
5601,1,32.0
5603,1,33.92
5605,1,40.28
5610,1,33.0
5611,0,26.6
5613,1,27.32
5614,1,31.18
5615,1,36.06
5616,1,45.92
5621,1,39.96
5625,1,31.94
5630,1,26.7
5639,1,40.28
5644,1,28.98
5646,1,23.0
5651,0,45.1
5657,1,31.12
5663,1,27.46
5664,1,43.36
5665,1,30.92
5667,1,32.6
5672,1,33.0
5673,1,38.8
5686,1,27.44
5688,1,37.54
5692,1,36.08
5694,1,35.0
5696,1,32.16
5699,1,38.04
5703,1,35.0
5705,1,24.54
5707,1,35.52
5714,1,38.04
5716,1,27.1
5719,1,35.2
5725,1,43.12
5728,1,34.54
5730,1,27.88
5731,1,37.84
5739,1,37.12
5755,1,44.62
5758,1,32.36
5763,1,38.04
5764,0,39.0
5766,1,43.0
5768,1,33.2
5773,1,33.48
5780,1,27.3
5786,1,36.08
5789,1,32.54
5791,1,45.34
5796,1,36.24
5798,0,34.16
5800,1,28.36
5803,1,32.96
5806,1,34.16
5810,1,29.34
5813,1,29.36
5820,1,35.54
5821,1,36.86
5822,1,45.28
5825,1,24.3
5828,0,36.78
5831,1,28.08
5837,1,34.5
5839,1,41.48
5840,0,34.64
5841,0,54.3
5862,1,27.3
5864,1,31.0
5866,1,33.56
5869,1,31.08
5870,1,42.02
5871,1,29.14
5873,1,30.42
5875,1,54.92
5880,1,38.62
5881,1,29.08
5887,1,22.12
5891,1,38.36
5898,1,32.38
5905,1,50.88
5907,1,55.1
5909,1,50.16
5910,1,26.78
5911,0,42.0
5916,0,36.32
5921,1,31.12
5923,1,49.6
5926,1,33.46
5934,1,53.44
5935,1,29.76
5938,1,32.9
5941,0,36.18
5943,1,35.3
5945,1,29.54
5949,1,46.84
5950,1,38.18
5954,0,32.38
5955,1,33.74
5958,1,34.0
5959,1,31.82
5960,1,27.2
5968,1,32.54
5970,1,24.24
5975,1,28.48
5977,1,22.24
5979,1,28.66
5983,0,35.88
5985,1,38.22
5986,1,35.44
5988,1,31.3
5991,1,31.54
6000,1,33.9
6002,0,35.62
6003,1,51.76
6009,1,31.66
6011,1,25.32
6012,1,34.68
6015,0,38.22
6018,0,28.7
6019,1,33.14
6020,1,38.7
6023,1,35.5
6026,0,29.88
6030,0,24.14
6038,1,28.58
6040,1,31.46
6042,1,31.36
6048,1,36.22
6054,1,38.18
6058,1,30.9
6062,1,32.1
6063,1,35.36
6066,1,32.18
6067,1,30.04
6071,1,27.16
6072,1,45.44
6073,1,40.14
6075,1,34.34
6076,1,28.88
6079,1,33.04
6080,1,37.02
6083,1,31.18
6086,1,24.64
6087,1,46.24
6091,1,28.26
6099,1,30.84
6102,1,23.44
6104,0,41.72
6105,1,42.3
6110,1,51.1
6111,1,34.34
6114,1,24.74
6118,1,40.1
6138,1,31.7
6142,0,45.26
6144,1,27.84
6146,1,29.74
6147,1,46.26
6150,1,31.5
6153,1,34.06
6158,1,32.0
6161,1,22.78
6162,1,32.4
6165,1,31.38
6167,1,35.28
6169,1,29.76
6170,1,35.4
6171,1,33.46
6173,1,35.4
6174,1,46.26
6176,1,27.46
6179,1,31.92
6187,1,23.26
6203,1,24.38
6215,0,45.42
6225,0,35.6
6226,1,30.44
6229,1,30.7
6230,1,31.62
6231,1,32.72
6232,1,29.02
6239,1,32.12
6240,1,24.56
6244,1,28.76
6247,1,32.04
6250,1,28.26
6253,1,39.1
6255,1,28.82
6258,0,32.6
6269,1,32.16
6270,1,28.3
6272,1,34.1
6276,1,29.06
6278,1,33.62
6279,1,34.7
6282,1,31.3
6283,1,40.26
6296,1,57.86
6306,1,30.0
6307,1,37.58
6311,1,33.26
6315,1,36.16
6317,1,31.38
6318,1,28.78
6319,1,42.0
6320,1,49.0
6324,1,22.98
6327,1,31.02
6335,1,33.92
6342,1,22.98
6344,0,31.42
6345,1,32.68
6348,1,27.1
6356,1,22.7
6364,1,31.04
6366,1,23.06
6367,1,31.82
6368,1,51.4
6372,1,49.92
6381,1,57.98
6382,0,33.48
6383,1,23.24
6386,1,34.5
6387,1,33.0
6392,1,31.86
6395,1,27.62
6398,1,30.92
6403,1,58.86
6404,1,33.56
6407,1,32.8
6411,1,27.1
6413,1,36.1
6416,1,40.68
6419,1,47.4
6424,1,25.36
6430,1,44.94
6432,1,38.86
6434,1,36.24
6437,1,32.16
6438,1,32.46
6440,1,30.02
6443,1,32.88
6447,0,37.04
6450,0,36.66
6452,1,31.74
6456,1,34.32
6457,1,34.42
6463,1,54.5
6465,1,32.56
6467,1,33.52
6468,1,40.4
6474,1,32.7
6480,1,26.52
6483,1,47.9
6486,1,30.22
6487,1,32.3
6496,1,36.98
6497,1,45.86
6499,1,32.28
6500,1,33.32
6505,0,32.12
6506,1,34.0
6507,1,34.24
6515,1,37.5
6533,1,36.46
6536,1,36.16
6538,1,37.8
6539,1,35.68
6540,0,32.28
6541,1,57.98
6543,1,23.1
6552,1,27.98
6557,1,23.04
6558,1,26.06
6563,1,28.62
6568,0,30.0
6569,1,29.28
6580,1,29.34
6583,0,36.12
6592,1,41.14
6594,1,27.44
6596,1,34.34
6598,1,46.44
6606,1,23.48
6613,1,36.8
6614,0,59.46
6616,1,35.0
6617,1,47.0
6623,1,25.0
6624,0,28.32
6626,0,34.78
6631,0,33.72
6632,1,44.78
6634,1,39.64
6635,1,34.98
6649,0,29.44
6651,1,37.0
6653,1,45.34
6654,1,39.36
6659,1,32.82
6661,0,33.14
6663,1,33.1
6665,1,33.1
6675,1,39.38
6676,1,27.82
6677,1,44.16
6678,1,33.46
6679,1,29.72
6682,1,31.48
6685,1,39.36
6688,1,31.06
6691,1,34.5
6693,1,41.72
6697,1,37.22
6699,1,45.26
6701,1,29.3
6703,1,36.28
6706,1,46.76
6708,1,36.3
6709,1,34.66
6710,1,37.22
6723,1,24.66
6724,1,36.92
6726,1,24.72
6729,1,31.94
6732,0,38.2
6734,1,28.56
6735,1,30.24
6739,0,37.22
6748,1,42.34
6753,1,34.7
6756,1,23.02
6758,1,35.0
6759,1,29.24
6763,1,33.08
6764,1,35.72
6766,0,38.28
6769,0,30.94
6771,1,34.74
6772,1,24.16
6779,1,30.16
6781,0,35.58
6783,1,31.06
6790,1,36.96
6791,1,26.66
6792,1,25.34
6793,1,36.92
6794,1,33.66
6795,1,38.14
6799,1,36.92
6800,1,45.4
6808,1,35.86
6810,1,27.02
6811,1,30.0
6812,1,36.32
6813,1,29.46
6814,1,58.96
6816,1,29.14
6818,1,34.74
6821,1,32.1
6827,1,31.82
6833,1,27.16
6836,1,25.22
6841,1,28.06
6842,1,30.62
6845,0,32.1
6846,1,29.68
6855,1,34.68
6856,1,34.98
6864,1,26.8
6866,1,36.42
6867,1,37.12
6869,1,31.04
6879,1,27.94
6880,1,42.32
6882,1,55.12
6886,1,30.64
6890,0,37.0
6893,1,30.54
6895,1,29.14
6896,0,44.36
6897,1,36.34
6898,1,30.24
6914,1,35.08
6923,1,49.76
6924,1,30.02
6925,1,44.98
6926,0,38.74
6931,1,24.74
6932,1,38.02
6933,0,57.04
6935,1,44.58
6936,1,24.68
6937,0,37.52
6938,1,28.26
6954,1,31.84
6955,1,33.02
6957,0,28.02
6961,0,31.02
6966,1,44.52
6972,1,31.8
6977,1,24.2
6981,1,28.64
6987,1,32.58
6989,1,34.78
6999,1,26.82
7000,1,40.4
7001,1,34.56
7006,1,24.28
7011,1,40.44
7019,1,36.68
7024,1,35.1
7032,1,37.0
7036,1,28.26
7037,1,55.9
7038,1,50.94
7042,0,33.48
7043,1,26.26
7044,1,26.18
7045,1,35.96
7047,0,49.66
7048,1,34.46
7050,1,40.2
7051,1,32.1
7052,1,39.38
7053,1,29.14
7054,1,38.56
7060,0,38.84
7066,1,26.92
7069,1,57.06
7076,1,36.04
7078,1,41.64
7080,1,30.16
7086,1,25.18
7089,1,30.6
7091,1,43.98
7094,1,29.8
7095,1,34.46
7100,1,34.52
7101,1,28.0
7104,1,34.82
7106,1,45.38
7108,1,25.6
7110,1,25.56
7112,1,40.42
7113,1,28.52
7115,0,34.3
7116,0,42.5
7117,1,26.96
7120,1,30.66
7124,1,34.26
7131,1,33.26
7132,1,38.0
7134,1,29.14
7137,1,42.6
7143,1,27.48
7148,1,31.22
7149,1,38.84
7150,1,28.3
7151,1,42.0
7155,1,24.06
7156,1,47.24
7160,1,29.68
7164,1,26.96
7176,1,30.16
7183,1,30.24
7185,1,42.62
7188,1,45.34
7191,1,40.42
7192,1,21.6
7193,0,34.36
7198,1,44.08
7199,1,49.8
7202,1,43.0
7209,1,30.12
7211,1,28.18
7218,1,32.2
7219,1,39.38
7220,1,28.76
7223,1,24.7
7224,1,36.0
7230,1,28.02
7232,1,31.86
7234,1,45.84
7237,1,33.04
7244,0,43.24
7245,1,40.38
7246,1,31.48
7248,1,33.02
7249,1,28.0
7250,1,36.0
7251,1,31.14
7258,0,33.72
7259,1,28.02
7262,1,35.04
7266,1,43.48
7268,1,23.58
7270,1,42.6
7272,1,40.38
7276,1,29.1
7279,1,37.3
7284,1,44.08
7291,1,35.82
7294,0,25.04
7295,1,29.38
7297,1,31.28
7300,1,32.32
7301,1,25.24
7305,1,29.12
7309,1,26.24
7314,1,31.62
7317,1,25.58
7319,1,24.58
7321,1,30.94
7323,1,28.22
7326,1,33.4
7328,1,29.0
7329,1,51.12
7337,0,35.98
7341,1,30.94
7342,1,27.6
7345,1,36.98
7348,1,32.06
7349,1,45.38
7352,1,55.22
7357,1,27.92
7358,1,23.34
7360,0,35.88
7361,1,31.24
7367,1,27.3
7368,1,28.26
7371,1,37.88
7374,1,35.88
7375,1,55.02
7376,1,33.28
7377,1,36.5
7379,1,34.46
7382,0,32.94
7388,1,23.76
7390,1,43.4
7399,0,37.04
7410,1,30.9
7413,1,47.04
7414,1,32.92
7415,1,29.1
7416,1,42.32
7419,1,31.16
7420,1,39.56
7424,1,35.24
7425,1,33.04
7431,1,35.66
7435,1,48.68
7436,1,38.18
7438,0,52.9
7439,1,25.14
7440,1,33.98
7441,1,36.6
7446,1,26.96
7452,1,39.08
7453,1,35.6
7455,1,49.86
7464,1,57.56
7468,1,56.98
7469,1,34.88
7471,1,35.68
7476,1,38.58
7477,1,35.96
7479,1,27.6
7486,1,23.38
7487,1,54.92
7489,1,27.2
7493,1,37.0
7494,1,31.9
7508,1,34.16
7513,1,37.0
7518,1,28.38
7524,1,25.0
7525,1,33.86
7526,0,39.28
7527,1,42.38
7532,1,28.42
7539,1,47.12
7540,1,27.18
7541,1,33.0
7542,0,39.02
7549,1,34.14
7550,1,47.02
7553,1,45.28
7557,1,37.0
7565,1,45.38
7567,0,58.86
7571,0,31.36
7577,0,29.14
7579,1,37.66
7581,1,37.0
7585,0,48.5
7586,1,34.04
7589,1,34.86
7594,1,39.02
7596,1,37.2
7599,1,28.28
7600,0,52.9
7601,1,55.08
7602,0,39.2
7604,1,43.16
7606,1,37.26
7612,1,45.36
7616,1,45.38
7617,1,41.24
7618,1,55.08
7619,1,30.3
7620,1,33.04
7621,0,35.88
7626,1,22.28
7627,1,23.28
7629,1,36.94
7631,1,39.6
7632,1,25.4
7633,1,41.5
7634,1,45.4
7638,0,41.0
7639,1,37.08
7642,1,44.0
7649,1,43.48
7651,1,45.38
7652,1,37.58
7653,1,47.62
7654,1,27.98
7656,1,38.0
7658,1,25.28
7660,1,41.84
7664,1,33.46
7666,1,40.1
7672,1,43.78
7673,1,41.1
7676,1,27.62
7681,1,33.2
7685,0,49.0
7698,1,26.56
7699,1,39.02
7701,1,36.66
7703,1,45.32
7712,0,57.1
7714,1,26.44
7715,0,44.4
7718,1,41.0
7728,1,37.46
7738,1,41.4
7739,1,38.0
7741,1,41.48
7745,1,33.76
7749,1,31.18
7750,1,42.32
7762,1,39.0
7766,1,34.34
7767,1,27.82
7772,1,32.4
7782,1,41.0
7787,1,37.02
7788,1,38.62
7791,1,37.92
7797,1,34.3
7799,1,24.92
7801,0,51.26
7804,1,38.58
7811,1,29.08
7812,1,45.12
7817,1,27.88
7818,1,55.56
7820,1,32.12
7825,1,36.06
7837,1,26.86
7838,1,29.54
7841,1,32.12
7846,1,34.12
7847,1,51.26
7848,1,37.64
7851,1,40.76
7859,1,31.02
7860,1,32.42
7862,1,45.12
7863,1,33.2
7870,1,32.02
7875,1,21.16
7877,1,39.38
7882,0,30.38
7891,1,23.48
7905,1,41.06
7906,1,32.22
7908,1,29.04
7909,1,28.58
7911,1,42.0
7913,1,59.88
7915,1,32.06
7916,1,33.68
7919,1,30.04
7921,1,31.2
7924,0,33.02
7925,1,33.44
7928,1,31.74
7935,1,29.0
7936,1,30.14
7939,0,53.64
7941,1,32.38
7943,1,29.12
7950,1,51.3
7964,1,29.1
7967,1,32.26
7969,1,35.96
7971,1,27.72
7973,0,36.06
7976,0,56.2
7977,1,39.0
7978,1,29.08
7982,1,30.4
7991,1,42.0
7993,1,27.88
7997,1,28.0
7999,1,26.94
8003,1,49.06
8006,1,32.18
8007,1,28.48
8011,1,28.58
8012,0,35.38
8023,1,36.28
8025,1,32.54
8026,1,29.36
8036,1,27.74
8038,1,58.92
8039,1,31.02
8040,1,36.8
8042,1,41.1
8043,1,36.72
8044,1,38.94
8048,1,49.3
8049,1,38.0
8051,1,30.08
8053,1,58.88
8054,1,30.02
8058,1,33.4
8065,1,46.88
8068,1,34.48
8071,1,28.92
8081,1,35.44
8084,1,55.78
8086,1,38.02
8088,1,30.0
8090,1,27.74
8092,1,23.24
8094,1,30.84
8100,1,32.18
8101,0,32.0
8103,1,32.28
8104,0,35.68
8109,1,33.0
8111,1,35.38
8120,1,33.0
8122,1,25.0
8126,1,42.0
8132,1,18.0
8134,1,37.02
8136,1,30.2
8143,1,33.44
8146,1,41.02
8151,1,27.68
8153,1,32.94
8160,1,48.0
8162,1,26.74
8163,1,34.26
8165,1,34.12
8167,1,35.62
8172,0,54.82
8176,0,41.98
8182,1,35.52
8183,1,34.1
8184,0,48.88
8185,1,33.1
8187,1,38.04
8192,1,34.26
8195,1,28.98
8197,1,40.94
8199,1,28.8
8202,1,33.7
8203,1,25.04
8205,1,36.34
8213,1,40.84
8216,1,36.66
8217,1,27.6
8229,1,39.92
8241,1,57.28
8242,1,29.24
8245,1,31.22
8248,1,36.12
8249,1,26.22
8252,1,31.6
8253,1,32.02
8271,1,31.5
8275,1,35.48
8277,1,23.26
8286,1,34.84
8291,1,27.02
8304,1,27.4
8305,1,33.0
8307,0,42.74
8308,1,31.92
8310,1,27.32
8318,1,32.0
8319,0,50.2
8327,1,38.84
8328,1,27.7
8334,0,37.26
8340,0,34.3
8344,1,23.98
8349,0,38.48
8356,1,35.66
8359,1,43.0
8360,1,37.14
8362,1,26.82
8364,1,45.0
8374,1,43.72
8375,1,28.36
8384,1,46.12
8386,1,29.7
8390,1,37.12
8391,1,41.74
8393,1,44.08
8394,0,43.82
8402,1,23.3
8406,1,29.28
8411,1,40.72
8419,1,34.64
8427,1,40.28
8428,1,49.52
8431,0,44.0
8436,1,33.98
8438,1,32.0
8441,1,33.5
8443,1,34.62
8444,1,29.3
8448,1,43.22
8451,1,34.46
8452,1,30.08
8453,1,33.0
8454,1,58.88
8455,1,48.62
8456,1,30.26
8457,1,31.66
8458,1,27.34
8460,1,29.06
8463,1,33.9
8465,1,31.72
8466,1,32.32
8468,1,51.2
8469,1,32.64
8478,1,28.3
8480,1,57.0
8481,1,38.12
8482,1,32.9
8492,0,44.08
8493,1,35.48
8495,1,28.12
8496,1,35.78
8502,0,34.12
8508,1,25.06
8509,1,28.32
8514,1,46.5
8515,1,41.2
8521,1,30.4
8525,0,45.84
8531,1,23.0
8532,1,34.04
8543,1,46.7
8544,1,27.9
8545,1,35.54
8549,1,31.26
8553,1,32.54
8554,1,35.58
8557,1,33.88
8563,1,33.32
8567,1,24.54
8576,1,33.2
8581,1,36.0
8586,1,33.1
8587,1,30.9
8589,1,32.38
8590,1,29.54
8593,1,28.46
8595,1,43.18
8597,1,34.36
8601,1,31.92
8604,1,34.0
8606,0,35.08
8612,0,32.72
8615,1,36.68
8617,1,36.0
8620,1,31.54
8621,1,28.72
8622,1,36.78
8624,1,34.46
8625,1,26.06
8627,1,30.26
8629,1,39.02
8630,1,37.5
8631,1,46.28
8632,1,35.78
8634,1,36.02
8636,1,30.38
8637,1,38.0
8640,0,37.24
8641,1,31.92
8643,0,33.0
8648,1,30.02
8651,1,29.9
8660,1,44.9
8661,1,33.04
8667,1,27.7
8673,1,23.4
8676,1,38.86
8678,1,29.84
8679,0,30.48
8681,1,22.04
8683,1,37.84
8684,0,29.62
8687,0,29.04
8689,1,44.94
8692,1,44.66
8694,1,29.12
8697,1,29.66
8700,0,33.08
8701,1,34.7
8702,1,22.04
8708,1,26.94
8709,1,26.94
8716,1,32.54
8717,1,29.08
8720,1,34.06
8724,1,30.36
8728,1,42.9
8730,1,29.32
8734,1,32.26
8738,1,52.46
8742,1,34.96
8743,1,36.02
8744,1,24.66
8745,1,35.92
8748,1,35.76
8750,1,32.5
8755,1,47.52
8762,1,40.16
8764,1,31.2
8770,1,28.92
8775,1,33.1
8778,1,28.88
8786,1,57.32
8789,1,41.0
8790,1,36.7
8803,1,32.28
8804,1,47.3
8807,0,33.88
8814,1,36.04
8822,1,44.02
8826,1,40.98
8829,1,39.86
8830,1,37.24
8834,1,27.54
8838,1,35.64
8839,1,28.88
8844,1,36.1
8846,1,24.98
8850,1,30.8
8851,1,27.64
8856,0,29.38
8858,1,29.22
8864,0,35.8
8865,1,34.6
8868,1,36.62
8875,1,29.24
8879,1,33.08
8880,1,38.58
8882,1,37.56
8884,1,34.92
8888,1,40.84
8893,1,35.06
8895,0,34.44
8896,1,29.9
8897,1,36.98
8898,1,23.16
8905,1,35.98
8906,1,29.54
8907,1,32.28
8912,1,27.64
8913,1,44.42
8914,1,35.3
8916,1,28.56
8917,1,35.6
8919,0,48.78
8925,1,41.28
8926,1,35.98
8928,1,31.56
8930,1,33.04
8932,1,34.94
8934,1,35.5
8939,1,40.54
8944,1,40.3
8946,1,31.2
8947,1,36.6
8950,0,43.9
8952,1,40.02
8954,1,34.9
8955,1,31.56
8958,0,41.0
8962,1,33.24
8966,1,38.6
8973,1,42.42
8984,1,33.48
8985,1,40.98
8987,0,36.04
8997,1,27.58
9001,1,28.5
9002,1,41.9
9003,1,30.7
9009,1,33.64
9010,0,34.5
9012,1,30.22
9013,1,30.68
9014,1,33.06
9017,1,32.16
9022,1,35.56
9023,1,28.26
9028,1,29.38
9029,1,25.32
9038,1,29.86
9052,1,34.78
9060,0,36.46
9061,1,34.7
9066,1,43.06
9071,1,36.12
9073,1,27.6
9075,1,25.46
9080,1,36.86
9082,1,35.64
9084,1,25.3
9095,0,42.0
9096,1,31.94
9097,1,26.72
9099,1,32.38
9106,1,41.0
9108,1,35.02
9120,1,36.62
9122,1,25.88
9128,1,30.54
9131,1,30.6
9134,1,24.08
9144,1,32.64
9146,1,29.44
9148,1,30.6
9151,1,44.0
9153,1,27.32
9154,1,39.14
9159,1,31.24
9161,1,29.16
9164,1,39.06
9167,1,39.14
9168,1,32.28
9169,1,36.0
9178,1,32.6
9180,1,36.96
9182,1,26.12
9184,1,38.72
9190,1,55.78
9192,1,25.54
9193,1,39.38
9194,1,46.56
9197,1,39.08
9198,1,38.22
9201,1,29.48
9205,1,36.12
9206,1,41.28
9211,1,37.0
9214,1,42.14
9216,1,57.46
9219,1,38.92
9227,1,34.8
9229,1,39.74
9232,1,49.6
9233,1,42.0
9234,1,58.36
9238,0,41.86
9239,1,38.22
9243,1,26.02
9254,0,29.96
9257,1,38.16
9258,1,37.66
9260,1,42.0
9261,1,39.22
9262,1,35.52
9264,1,37.28
9268,0,29.34
9272,1,29.42
9273,1,33.32
9276,1,28.78
9277,1,30.4
9280,1,30.56
9282,1,29.0
9284,1,34.76
9286,1,36.0
9287,1,24.32
9294,1,35.44
9295,1,31.4
9298,0,31.84
9299,1,39.22
9302,1,26.12
9304,1,27.98
9305,1,29.94
9309,1,39.1
9310,1,47.94
9312,1,30.52
9316,1,32.26
9321,1,33.78
9322,1,37.52
9323,1,32.78
9325,1,32.56
9326,1,30.36
9328,1,29.12
9329,0,34.24
9331,1,28.78
9335,1,29.36
9336,1,40.66
9340,1,49.0
9344,1,31.92
9346,1,26.62
9350,1,36.88
9354,1,43.7
9356,1,28.9
9357,1,33.1
9358,0,29.2
9360,1,27.06
9363,1,24.86
9369,1,28.06
9371,0,47.86
9372,1,29.04
9373,1,29.26
9380,1,32.0
9383,1,28.78
9390,1,39.76
9392,1,42.24
9403,1,57.36
9406,0,50.32
9412,1,38.5
9415,0,38.84
9416,1,30.44
9417,0,29.44
9421,1,25.14
9430,1,28.42
9431,1,50.88
9432,1,28.1
9447,1,32.62
9449,0,33.62
9452,1,33.08
9453,1,31.38
9456,1,42.0
9457,1,36.04
9459,1,31.4
9464,1,34.74
9474,1,38.66
9478,1,32.14
9484,1,39.84
9485,1,30.68
9488,1,38.36
9491,1,48.84
9494,1,32.0
9502,1,32.4
9503,1,27.14
9504,1,31.78
9506,1,34.28
9507,0,30.16
9509,1,29.5
9511,1,38.58
9514,1,34.9
9516,1,33.14
9517,1,35.68
9518,1,30.12
9523,1,51.3
9525,1,34.16
9531,1,54.0
9533,1,38.72
9534,1,44.94
9537,1,30.1
9538,0,37.02
9540,0,43.08
9550,1,29.38
9557,1,26.92
9558,1,25.3
9559,1,43.2
9561,1,39.38
9563,1,50.24
9568,1,30.38
9569,0,53.76
9575,1,37.9
9586,1,33.54
9587,1,30.14
9588,1,41.64
9590,1,27.18
9595,0,33.14
9598,1,23.9
9599,1,30.0
9602,1,31.18
9610,1,26.52
9618,1,35.04
9623,1,34.5
9624,1,38.82
9627,1,30.48
9629,1,37.16
9632,1,26.86
9640,1,32.04
9642,1,53.58
9643,1,28.92
9651,1,24.54
9652,1,30.06
9654,1,32.66
9655,1,38.9
9659,1,30.46
9663,1,28.92
9666,1,41.2
9668,1,30.0
9669,1,29.32
9670,1,26.56
9671,0,34.32
9672,1,44.44
9676,1,30.1
9677,1,38.68
9680,1,44.92
9683,0,30.44
9685,1,53.44
9687,1,28.9
9688,1,36.16
9691,1,41.76
9697,1,24.4
9699,1,27.26
9702,1,40.76
9706,0,55.44
9708,1,31.48
9714,1,29.06
9719,1,28.9
9725,1,25.98
9730,1,34.3
9735,1,29.08
9736,1,38.96
9737,1,25.94
9741,0,29.44
9747,1,28.16
9750,1,31.14
9752,1,36.26
9753,1,31.54
9755,0,30.9
9756,1,41.0
9758,1,23.64
9767,1,34.26
9768,1,35.32
9771,1,28.3
9773,1,32.64
9775,1,44.82
9777,1,33.7
9780,1,46.4
9783,1,39.12
9789,1,33.66
9790,1,39.08
9791,1,31.72
9792,1,31.58
9797,0,40.56
9802,1,33.02
9805,1,35.0
9806,0,36.68
9808,1,33.72
9810,1,39.5
9814,1,29.06
9815,1,39.9
9816,1,33.0
9820,0,45.0
9826,1,35.28
9836,0,39.04
9842,1,29.12
9844,1,23.2
9845,1,59.88
9846,1,29.14
9847,1,31.28
9850,1,59.88
9853,1,38.62
9855,0,29.06
9856,1,27.48
9860,1,31.54
9863,1,33.02
9868,0,43.5
9875,1,30.9
9877,1,36.36
9879,1,42.32
9884,1,29.08
9885,1,44.8
9889,1,44.78
9890,1,35.44
9892,1,33.04
9895,1,32.3
9896,1,29.04
9898,1,33.04
9901,0,34.32
9906,0,37.66
9907,1,25.28
9915,1,33.64
9930,1,38.28
9931,1,38.12
9938,1,52.0
9939,1,25.36
9944,1,32.08
9945,1,40.64
9948,0,47.16
9952,1,28.38
9955,1,29.78
9959,1,22.6
9960,1,23.26
9963,1,33.18
9968,1,50.14
9969,1,32.82
9970,1,25.66
9972,1,40.78
9979,1,53.24
9983,1,47.98
9986,1,53.7
9987,1,28.22
9991,1,27.3
9998,1,24.54
10003,1,46.54
10004,1,41.02
10007,1,36.68
10010,1,45.0
10014,1,39.04
10016,1,28.04
10018,1,48.88
10019,1,29.0
10022,1,35.04
10024,1,31.74
10030,1,45.0
10032,1,40.72
10033,1,31.2
10034,1,38.7
10035,1,29.14
10036,1,35.06
10038,1,27.58
10045,1,39.12
10046,1,23.76
10055,1,26.7
10057,1,35.02
10066,1,34.06
10067,1,34.64
10069,1,48.16
10075,1,23.08
10077,1,29.22
10078,1,28.06
10079,1,30.08
10080,1,23.02
10085,1,35.0
10086,0,39.12
10088,1,30.98
10089,1,32.76
10090,1,33.64
10091,1,27.52
10094,0,31.0
10095,1,30.92
10104,1,23.16
10105,1,31.64
10110,0,32.72
10118,1,31.0
10123,1,47.12
10127,1,27.12
10130,1,28.28
10131,1,41.0
10135,1,31.02
10140,1,35.06
10141,1,28.12
10145,1,39.46
10147,1,34.68
10153,1,35.04
10155,1,32.98
10156,1,26.0
10159,1,31.48
10160,1,44.0
10161,1,28.0
10163,1,41.48
10166,1,31.98
10168,1,25.0
10170,1,29.54
10172,1,33.2
10175,1,47.46
10179,1,36.12
10183,1,23.84
10184,1,26.0
10186,1,28.72
10188,1,32.3
10192,1,32.96
10194,1,24.42
10196,1,46.14
10201,1,33.0
10213,1,24.18
10220,1,33.14
10222,1,45.7
10224,1,32.4
10226,0,42.04
10228,1,35.8
10229,1,45.0
10237,1,23.12
10239,0,33.14
10243,1,38.72
10244,1,32.6
10246,1,35.18
10253,1,24.4
10254,1,34.0
10255,1,33.68
10256,1,35.06
10259,1,30.78
10271,1,29.64
10278,1,35.9
10281,1,34.1
10283,1,35.66
10286,1,24.24
10287,1,26.3
10293,1,24.96
10294,0,47.02
10296,1,50.38
10298,1,36.48
10303,1,57.88
10309,1,34.96
10312,0,42.34
10313,1,42.98
10315,1,29.46
10316,1,51.24
10317,1,24.16
10325,1,30.08
10328,1,33.3
10333,1,41.06
10336,1,39.86
10337,1,30.06
10339,1,32.5
10343,1,34.96
10344,1,32.54
10346,1,36.24
10353,1,29.16
10355,1,31.82
10359,1,42.88
10360,1,23.4
10361,1,24.36
10363,1,32.24
10364,1,32.4
10365,1,29.96
10370,1,38.48
10372,1,32.78
10375,1,28.08
10376,1,42.12
10383,1,48.62
10385,1,34.86
10388,1,26.5
10389,0,30.88
10390,1,32.64
10391,1,32.4
10393,1,26.76
10398,1,36.68
10399,1,35.46
10400,1,20.28
10403,1,36.66
10405,1,36.26
10408,0,49.26
10409,1,44.66
10415,1,32.64
10420,1,28.0
10423,1,25.5
10424,0,29.88
10426,1,26.0
10427,0,43.02
10431,1,29.36
10433,1,29.98
10439,1,24.48
10442,1,29.48
10447,1,24.28
10450,1,54.78
10452,1,39.0
10456,0,57.78
10460,1,46.06
10464,1,32.14
10465,1,34.72
10467,1,24.22
10470,1,24.14
10472,0,24.46
10474,0,39.1
10477,1,34.18
10479,1,41.24
10481,1,40.96
10486,1,30.32
10488,1,28.18
10491,0,31.04
10496,1,25.48
10499,1,36.16
10500,1,37.84
10502,1,34.06
10510,1,50.9
10515,1,39.02
10520,1,39.32
10521,1,53.28
10527,1,26.06
10528,1,33.2
10529,1,33.64
10530,1,37.48
10531,1,26.06
10533,1,32.44
10535,1,31.52
10536,0,26.0
10538,0,33.1
10542,1,39.06
10551,1,36.0
10557,1,28.2
10558,1,33.14
10560,1,43.0
10563,1,46.26
10565,1,46.9
10569,0,30.68
10573,1,47.34
10575,1,35.98
10576,1,28.22
10577,1,40.56
10578,1,33.8
10580,1,46.34
10584,1,37.0
10585,1,31.24
10588,1,54.88
10590,1,45.88
10595,1,31.88
10598,1,35.78
10601,1,34.92
10602,1,27.24
10605,0,56.0
10606,0,31.56
10607,1,24.58
10611,1,31.56
10612,1,27.62
10615,1,41.0
10616,1,37.52
10620,1,51.34
10622,1,41.82
10625,1,41.0
10627,1,34.3
10629,1,30.66
10630,0,34.14
10631,1,27.26
10637,0,57.88
10642,1,33.68
10651,1,35.74
10652,1,43.14
10653,1,32.38
10655,1,41.0
10657,1,28.24
10659,1,34.0
10661,1,30.76
10662,1,36.72
10668,1,26.72
10675,1,26.78
10678,1,26.54
10685,1,34.04
10687,1,31.62
10689,0,27.36
10693,1,27.54
10695,1,38.82
10696,1,36.62
10697,1,32.32
10706,1,34.0
10708,1,31.38
10709,1,41.76
10710,1,31.1
10717,1,39.98
10725,1,28.24
10726,1,30.62
10727,1,27.2
10729,0,31.04
10730,1,43.98
10731,1,18.0
10732,1,27.16
10734,1,24.74
10736,1,31.22
10750,1,48.68
10752,0,35.82
10754,1,25.9
10755,1,24.64
10762,1,33.26
10771,1,45.62
10778,1,38.02
10783,1,32.2
10785,1,34.18
10786,1,31.42
10793,1,35.74
10800,1,34.02
10809,1,31.46
10818,1,45.04
10831,1,34.44
10833,1,28.1
10840,1,29.94
10841,1,36.76
10844,1,36.18
10852,1,24.16
10857,0,39.0
10859,1,36.02
10865,1,27.54
10866,1,28.24
10867,1,36.46
10878,1,50.22
10879,1,33.06
10880,1,35.74
10882,1,24.68
10884,1,31.3
10888,1,33.1
10889,0,39.92
10890,1,28.5
10899,1,24.54
10900,1,24.78
10903,1,24.28
10911,1,45.4
10916,1,33.5
10923,1,35.58
10930,1,43.2
10932,1,35.74
10933,1,27.42
10936,1,37.4
10940,1,48.24
10945,1,34.86
10946,1,39.04
10951,1,24.08
10953,1,38.68
10954,1,34.9
10955,1,28.88
10959,1,35.66
10961,1,22.1
10962,1,39.0
10963,1,45.16
10966,1,33.78
10968,0,33.98
10970,1,60.0
10971,1,33.92
10983,1,34.24
10994,1,38.76
10995,1,32.02
10997,0,40.94
10999,1,33.08
11001,1,41.02
11003,0,44.5
11004,0,32.42
11005,0,33.72
11007,1,23.04
11012,1,32.14
11020,0,27.44
11022,1,43.0
11024,1,40.1
11026,1,23.08
11028,1,39.6
11029,1,35.58
11031,1,27.06
11033,1,38.76
11036,1,39.28
11037,1,35.5
11043,1,37.0
11045,1,34.52
11048,1,32.16
11050,1,50.28
11053,1,34.28
11056,1,33.88
11057,0,37.42
11058,0,40.42
11066,1,32.9
11068,1,54.8
11069,1,27.0
11078,1,28.94
11079,1,33.98
11085,1,27.88
11090,0,47.06
11095,1,46.42
11104,1,25.86
11105,1,37.96
11106,1,54.86
11110,1,28.52
11112,1,43.0
11117,1,33.08
11119,1,22.94
11129,1,31.3
11131,1,34.02
11134,1,46.64
11141,1,33.76
11144,1,33.8
11146,1,41.8
11148,1,34.56
11150,1,25.9
11151,1,34.94
11153,1,31.6
11155,1,27.66
11157,1,34.92
11159,1,41.18
11161,1,49.78
11164,1,49.7
11167,1,39.32
11168,1,37.36
11171,1,35.16
11172,0,33.86
11173,0,27.0
11177,1,23.34
11178,1,29.68
11180,1,27.82
11183,1,28.28
11184,1,23.48
11189,1,32.56
11190,1,24.44
11196,1,34.56
11201,1,39.06
11212,1,26.6
11213,1,28.34
11219,1,49.78
11220,1,37.94
11227,1,32.38
11228,1,29.72
11230,1,24.42
11231,1,31.58
11245,1,25.74
11246,1,29.36
11247,1,33.14
11251,1,34.9
11253,1,27.2
11254,1,35.72
11257,1,23.96
11258,1,24.9
11263,1,23.42
11265,1,39.52
11266,1,40.04
11267,1,27.04
11281,1,31.94
11282,1,30.0
11284,1,26.68
11285,1,47.16
11287,1,24.54
11293,1,38.36
11296,1,40.0
11304,1,35.66
11312,1,37.0
11314,1,32.0
11315,1,23.98
11316,1,24.76
11322,1,41.0
11323,1,39.18
11328,1,38.62
11330,1,29.94
11331,1,29.96
11336,1,43.0
11340,1,35.22
11344,1,30.58
11345,0,33.08
11346,1,29.94
11347,1,26.4
11348,1,30.94
11349,1,31.3
11351,0,37.14
11353,1,36.68
11354,1,28.7
11362,1,30.98
11365,1,43.0
11366,1,41.0
11367,1,36.0
11370,1,41.02
11372,1,59.8
11373,1,33.08
11376,1,40.36
11378,1,35.7
11379,1,24.14
11386,1,32.9
11389,1,31.58
11393,1,31.42
11401,0,57.34
11405,1,36.5
11407,0,50.22
11413,1,28.54
11415,1,34.08
11420,1,34.34
11421,1,35.82
11425,1,52.02
11437,1,36.66
11438,1,28.22
11443,1,41.0
11444,1,40.66
11452,1,27.42
11456,1,39.76
11460,1,34.8
11464,1,38.74
11467,1,26.4
11468,0,46.18
11472,1,24.62
11475,1,32.42
11476,1,53.12
11479,1,52.12
11481,1,24.98
11482,1,36.02
11483,1,33.46
11484,1,36.02
11485,0,37.04
11490,1,43.3
11492,1,52.12
11494,1,33.3
11495,1,36.42
11497,1,38.76
11500,1,26.1
11506,1,31.2
11507,1,27.5
11512,1,38.76
11514,1,35.06
11515,1,30.98
11526,1,52.12
11534,1,27.46
11535,0,42.0
11538,1,38.96
11539,1,33.74
11545,0,33.02
11548,1,43.0
11550,1,43.06
11553,1,36.0
11557,0,33.76
11559,1,25.46
11560,1,38.8
11562,1,38.62
11563,1,27.36
11567,1,48.36
11571,1,24.68
11575,1,38.96
11576,1,24.66
11577,1,41.0
11582,1,39.1
11585,1,32.7
11586,1,34.24
11588,1,35.02
11589,1,36.52
11590,1,30.74
11591,1,35.74
11595,1,34.08
11601,1,24.52
11602,1,32.96
11604,1,31.16
11605,0,23.94
11609,1,30.52
11612,1,29.42
11613,1,35.44
11614,1,41.0
11616,0,31.48
11623,1,24.68
11625,1,27.36
11629,1,38.7
11631,1,39.68
11632,1,30.5
11638,1,41.88
11639,1,45.46
11641,1,38.16
11642,1,23.72
11644,1,32.98
11645,0,35.0
11648,1,37.2
11651,1,33.16
11653,1,48.6
11655,1,32.14
11656,0,38.74
11657,1,28.1
11664,1,33.98
11669,1,29.46
11670,1,17.4
11673,1,24.98
11674,1,47.08
11675,1,26.6
11681,1,37.94
11683,1,34.98
11684,0,39.56
11686,1,27.68
11696,0,38.2
11698,1,36.24
11703,1,24.94
11705,1,32.98
11710,0,36.0
11711,1,29.28
11712,1,40.86
11715,1,57.08
11724,1,29.2
11728,1,25.38
11731,1,36.1
11732,1,36.0
11734,1,36.0
11738,1,25.08
11740,1,33.94
11742,1,49.92
11750,1,34.62
11755,1,38.88
11758,1,39.8
11762,1,26.14
11765,0,30.72
11775,1,35.54
11778,1,34.08
11788,1,30.8
11789,1,33.12
11795,1,52.44
11802,1,43.82
11806,1,38.34
11807,1,38.3
11813,1,31.68
11814,1,30.9
11818,1,41.02
11821,1,55.12
11825,1,33.84
11826,0,30.16
11839,1,36.12
11843,1,27.14
11844,1,26.08
11854,1,30.06
11855,1,35.02
11857,1,38.78
11859,1,43.0
11865,1,39.26
11866,1,31.48
11868,1,26.8
11873,0,33.46
11880,1,29.6
11885,1,30.34
11890,1,45.48
11891,1,29.56
11894,1,41.0
11898,1,36.02
11902,1,49.92
11910,1,49.9
11911,0,27.5
11916,1,30.8
11919,0,31.32
11927,1,38.84
11928,1,36.16
11933,1,33.48
11936,1,27.5
11937,1,57.38
11940,1,37.32
11945,1,38.66
11946,1,26.08
11947,1,38.84
11956,1,24.74
11958,1,36.38
11959,1,41.16
11961,1,25.0
11963,1,26.02
11964,1,34.66
11965,0,40.16
11967,1,43.0
11968,1,34.42
11973,1,38.1
11977,1,49.9
11983,1,43.0
11984,1,36.3
11985,1,33.36
11990,1,32.98
11992,1,23.54
11997,1,31.12
11999,1,40.04
12000,1,30.58
12001,1,36.34
12005,1,52.12
12009,1,33.42
12012,0,35.0
12013,1,38.58
12014,1,50.44
12018,1,36.84
12022,0,42.24
12023,1,33.28
12031,1,24.54
12032,1,36.36
12037,1,29.72
12038,1,50.58
12043,1,43.0
12044,1,45.06
12045,1,57.4
12046,1,49.78
12048,1,45.22
12050,1,27.34
12053,1,26.66
12058,1,35.22
12061,1,38.94
12065,1,39.3
12067,1,57.08
12072,1,38.76
12074,1,36.24
12077,1,44.38
12088,1,33.76
12089,1,40.92
12091,1,38.54
12093,1,31.78
12094,1,33.56
12097,0,32.14
12107,0,39.58
12108,1,36.22
12109,1,41.26
12111,1,34.76
12112,1,26.16
12116,1,34.1
12118,1,38.8
12123,0,35.22
12126,1,33.58
12129,0,41.46
12131,1,30.76
12135,1,34.4
12136,1,35.6
12138,1,59.84
12141,1,25.92
12148,1,35.0
12150,1,33.88
12163,1,39.26
12165,1,43.0
12174,1,30.54
12179,1,39.26
12181,1,35.0
12184,1,27.16
12185,1,42.92
12188,1,40.02
12194,1,35.02
12196,1,37.56
12197,1,36.62
12199,1,44.76
12200,1,41.86
12204,0,35.36
12207,1,36.3
12218,1,38.96
12219,1,29.8
12223,1,32.5
12224,1,27.74
12225,1,23.08
12229,1,23.22
12231,1,35.34
12232,0,31.44
12237,1,27.62
12238,1,46.5
12239,1,29.42
12240,1,29.54
12243,1,38.7
12245,1,26.78
12252,1,28.46
12259,1,26.36
12264,1,24.14
12267,1,24.52
12269,1,32.98
12270,1,27.56
12273,0,49.9
12282,1,27.1
12283,1,25.18
12288,1,24.3
12290,1,33.24
12291,1,41.66
12300,1,32.46
12305,1,26.34
12307,1,28.14
12308,1,20.32
12309,1,27.68
12312,1,28.14
12314,1,30.54
12315,1,29.52
12316,1,27.3
12319,1,40.06
12321,1,31.46
12322,1,55.1
12323,1,27.54
12324,1,33.18
12329,1,33.04
12330,1,30.72
12341,1,32.26
12345,0,35.68
12350,1,30.5
12356,0,38.32
12358,1,27.6
12372,1,35.58
12373,0,41.36
12383,1,35.32
12388,1,40.74
12391,1,26.74
12394,1,26.34
12395,0,39.42
12401,1,36.12
12404,1,20.52
12406,1,34.14
12417,1,44.44
12423,1,27.7
12424,1,30.3
12427,1,36.82
12440,1,27.1
12442,1,35.28
12444,1,39.32
12445,1,30.76
12447,1,27.26
12448,0,29.8
12450,1,31.08
12455,1,43.0
12456,1,31.92
12461,1,25.56
12473,1,26.6
12477,1,23.74
12485,1,40.16
12486,1,27.04
12488,1,48.64
12492,1,29.28
12497,1,29.38
12509,1,32.22
12511,1,27.42
12517,1,50.18
12519,1,29.42
12520,1,26.34
12522,1,24.8
12528,1,28.12
12529,1,27.36
12533,1,24.9
12536,1,28.4
12539,0,26.76
12540,1,26.34
12555,1,27.98
12556,1,39.38
12560,1,37.3
12566,1,24.78
12581,1,28.88
12584,1,26.1
12588,1,50.72
12592,1,41.18
12597,1,27.2
12603,1,24.48
12607,1,36.0
12609,1,32.18
12610,0,29.52
12615,1,31.06
12621,1,31.1
12626,1,31.04
12627,1,30.5
12629,0,29.36
12635,1,35.12
12646,1,29.16
12649,1,32.04
12655,1,26.9
12657,1,38.66
12658,1,28.44
12662,1,46.96
12664,1,44.74
12666,0,28.14
12667,1,41.36
12675,1,30.46
12679,1,27.54
12687,1,32.8
12688,1,34.64
12696,1,27.8
12700,1,34.36
12702,1,25.72
12703,1,34.26
12707,1,26.46
12714,1,23.06
12715,1,28.68
12717,1,57.28
12720,1,36.04
12722,0,44.14
12723,1,29.48
12724,1,34.16
12735,1,24.9
12738,1,22.78
12739,1,37.92
12744,1,34.08
12745,1,44.68
12747,1,28.02
12750,1,32.94
12751,1,41.0
12754,1,37.42
12755,1,26.12
12756,1,35.32
12758,1,25.38
12760,1,25.34
12765,1,25.14
12768,1,41.26
12769,1,52.0
12772,1,30.28
12773,1,34.96
12784,1,26.48
12785,1,50.3
12791,1,31.1
12792,1,52.04
12794,0,35.74
12800,1,34.12
12803,1,28.36
12805,1,29.96
12807,1,28.44
12809,1,29.98
12810,1,32.08
12814,1,26.44
12815,1,33.88
12816,1,30.94
12819,1,34.24
12823,1,34.26
12825,1,30.56
12830,1,32.62
12836,1,39.34
12841,1,52.24
12843,1,28.12
12846,1,35.1
12848,0,48.9
12853,0,31.64
12856,1,53.9
12857,1,32.16
12859,1,27.02
12860,0,25.48
12861,1,37.44
12863,1,35.0
12867,1,26.42
12876,1,47.82
12884,1,30.8
12889,1,31.72
12896,1,31.68
12897,1,44.26
12908,1,32.12
12912,1,28.36
12918,0,29.66
12924,1,32.28
12929,1,32.58
12931,1,43.62
12933,1,54.36
12934,1,43.92
12936,1,30.88
12938,1,30.98
12943,1,40.16
12945,1,34.72
12950,0,37.88
12954,1,32.0
12956,1,34.32
12958,1,33.78
12963,1,33.88
12970,1,26.4
12976,1,33.98
12980,1,37.2
12984,0,38.24
12987,1,32.8
12991,1,32.42
12995,1,30.58
12996,1,54.8
13000,1,43.72
13005,1,31.08
13011,1,52.14
13015,1,23.0
13018,0,32.04
13020,1,32.98
13021,1,27.16
13025,1,27.1
13026,1,26.24
13027,1,26.2
13028,1,33.32
13029,1,35.72
13030,1,30.66
13037,1,38.62
13041,1,29.22
13044,1,34.02
13054,1,37.08
13056,1,39.0
13057,1,31.24
13067,1,26.6
13069,1,38.6
13074,1,57.66
13075,1,27.58
13078,0,29.98
13084,1,26.06
13096,1,27.34
13097,1,29.9
13108,1,35.02
13116,1,30.78
13119,1,42.76
13120,0,32.7
13125,1,40.24
13127,1,26.12
13130,0,28.02
13131,1,32.92
13133,1,30.78
13135,1,32.66
13140,1,29.9
13144,1,28.38
13145,1,32.54
13146,1,25.36
13149,1,38.9
13150,1,23.74
13153,1,25.22
13154,1,28.24
13155,1,34.26
13158,1,37.18
13160,1,25.54
13163,1,29.36
13168,1,35.82
13170,1,36.88
13172,1,45.8
13175,1,32.96
13176,1,28.98
13186,1,30.82
13188,1,33.68
13190,1,36.0
13199,1,27.2
13203,1,37.88
13208,1,27.04
13209,0,28.22
13210,1,26.1
13211,1,31.28
13213,1,25.82
13215,0,29.14
13221,1,32.08
13225,1,29.1
13228,1,31.1
13230,1,30.66
13234,1,43.14
13243,1,40.0
13246,1,35.16
13247,1,39.0
13250,1,26.56
13257,1,26.56
13258,1,34.3
13259,1,25.08
13261,1,35.24
13262,1,27.02
13266,0,32.56
13269,1,39.5
13270,1,37.28
13272,1,26.3
13277,0,32.56
13279,1,33.78
13280,1,26.56
13284,1,25.8
13285,1,33.64
13286,1,23.48
13288,1,42.02
13289,1,29.54
13290,1,27.16
13291,1,26.88
13292,1,27.32
13305,1,33.92
13308,1,50.98
13309,1,25.88
13310,1,32.84
13313,1,30.26
13314,1,31.06
13315,1,28.2
13316,1,38.48
13320,1,28.46
13329,1,26.32
13331,1,29.3
13335,1,26.06
13338,1,36.7
13339,1,34.56
13340,1,27.64
13350,1,35.34
13353,1,37.1
13357,1,25.62
13358,1,29.22
13361,1,28.9
13365,1,22.26
13367,1,37.32
13368,1,32.54
13369,1,24.92
13373,1,25.44
13375,1,23.92
13378,1,29.22
13380,1,29.2
13388,1,27.02
13389,1,44.16
13392,1,24.06
13395,1,25.42
13397,1,34.6
13401,1,34.02
13404,1,38.38
13405,1,25.32
13406,1,55.08
13410,1,37.62
13412,1,36.64
13413,1,29.5
13415,1,34.14
13416,1,26.34
13417,0,30.38
13419,1,33.44
13423,1,25.18
13429,1,33.34
13430,1,33.0
13431,0,46.0
13433,1,39.0
13434,1,28.38
13435,1,30.32
13437,1,23.74
13446,1,26.38
13448,1,30.06
13450,1,26.82
13452,1,25.06
13455,1,26.6
13461,1,26.86
13468,1,28.18
13469,1,36.0
13476,1,28.4
13477,1,32.96
13479,1,39.06
13481,1,33.12
13486,1,31.0
13487,1,42.9
13494,1,24.92
13504,1,37.92
13511,1,47.0
13513,1,30.56
13522,1,31.0
13524,1,33.04
13528,1,29.08
13531,1,25.26
13532,1,35.5
13534,1,25.0
13536,1,51.0
13543,1,27.18
13549,1,29.06
13550,1,32.28
13555,1,30.64
13557,1,24.98
13560,1,38.26
13564,1,29.66
13568,1,35.12
13571,1,42.98
13574,1,24.84
13581,1,23.88
13583,1,33.52
13584,1,25.08
13585,1,35.4
13590,1,35.4
13592,1,35.4
13594,1,25.44
13595,1,24.72
13601,1,42.98
13602,1,24.98
13604,1,35.2
13606,1,28.72
13608,1,38.0
13612,1,25.28
13614,1,27.66
13623,1,31.04
13624,1,23.22
13626,1,50.3
13632,1,31.0
13637,1,28.26
13639,1,28.56
13649,1,25.58
13650,1,32.92
13652,1,38.24
13660,1,28.94
13662,1,26.18
13665,1,27.54
13670,1,23.2
13675,1,22.32
13677,1,46.86
13679,1,27.44
13687,1,25.0
13692,1,32.54
13693,1,33.16
13694,1,23.36
13696,1,26.58
13697,0,19.0
13702,1,25.44
13705,1,33.72
13707,1,27.42
13710,1,27.62
13718,1,27.26
13721,1,45.38
13722,1,34.56
13727,1,24.76
13730,1,26.64
13733,1,24.92
13734,1,26.7
13738,0,19.9
13742,1,23.18
13744,1,39.0
13745,1,25.5
13751,1,30.06
13755,1,39.0
13759,1,26.96
13760,1,29.52
13762,1,32.66
13763,1,27.04
13766,1,23.18
13771,1,45.3
13773,1,41.18
13776,1,33.16
13777,0,29.32
13780,1,35.88
13781,1,30.22
13782,1,46.1
13787,1,30.34
13788,1,35.78
13791,1,26.82
13794,1,25.9
13806,0,26.66
13815,0,34.88
13820,1,32.86
13826,1,41.74
13828,1,29.82
13831,1,23.98
13838,0,27.72
13844,1,32.62
13846,1,28.3
13850,0,30.34
13851,1,32.18
13852,1,23.56
13854,1,33.18
13856,1,26.92
13861,1,37.78
13866,1,33.58
13872,1,33.64
13876,1,30.16
13881,1,23.06
13883,1,29.92
13887,1,37.78
13890,1,30.98
13891,1,29.98
13893,1,23.88
13895,1,25.02
13897,1,27.1
13898,1,26.6
13902,1,32.6
13904,1,24.92
13905,0,23.26
13913,1,33.54
13915,1,38.34
13917,1,28.52
13918,1,43.8
13923,1,37.8
13924,1,29.56
13927,1,37.8
13929,1,27.56
13930,1,28.28
13932,1,35.9
13936,0,39.0
13938,1,39.46
13939,0,38.5
13944,1,27.14
13947,1,33.76
13951,1,29.28
13961,1,34.86
13963,1,24.98
13966,1,26.3
13968,1,25.74
13970,1,27.76
13974,1,27.98
13976,1,43.86
13981,1,30.54
13982,1,27.28
13983,1,31.52
13984,1,30.5
13989,1,40.9
13991,0,37.08
13994,1,31.8
14004,1,24.94
14005,1,24.56
14007,1,32.76
14011,0,32.16
14013,1,31.88
14016,1,32.3
14017,1,41.54
14019,1,31.62
14023,0,31.08
14025,1,31.42
14026,1,31.44
14027,1,32.34
14028,1,40.14
14029,1,53.28
14030,1,34.24
14031,1,34.06
14037,1,25.08
14039,1,31.4
14044,1,30.48
14048,0,53.56
14050,1,30.18
14052,1,32.04
14054,1,32.72
14055,0,30.02
14058,0,39.08
14059,1,31.56
14061,1,36.64
14064,1,36.66
14066,1,25.66
14072,1,31.38
14073,0,27.92
14088,1,37.74
14089,1,41.74
14093,1,32.42
14097,1,28.16
14100,1,32.68
14101,1,38.94
14105,1,29.1
14106,1,29.76
14110,1,29.0
14113,1,25.86
14123,0,41.56
14127,1,30.9
14129,1,31.4
14130,1,31.36
14135,1,30.06
14137,1,28.26
14139,1,32.12
14150,1,31.32
14151,1,25.76
14153,1,35.64
14158,1,31.18
14159,1,29.14
14169,1,44.72
14171,1,32.58
14172,1,35.5
14174,1,34.04
14177,1,28.12
14179,1,45.36
14183,1,29.88
14189,1,31.9
14191,1,37.64
14195,1,26.72
14198,1,16.84
14200,1,37.96
14204,1,36.0
14207,1,28.86
14209,1,32.0
14215,0,27.7
14222,0,41.58
14223,1,33.1
14230,1,33.04
14232,1,32.7
14233,1,33.04
14237,1,47.72
14238,1,27.3
14241,1,39.14
14242,1,35.4
14245,1,36.0
14247,1,44.74
14249,1,39.0
14251,1,35.16
14252,1,27.52
14254,1,35.36
14256,1,38.92
14260,0,37.44
14261,1,32.96
14263,1,31.78
14264,1,26.96
14269,1,35.34
14273,1,31.0
14274,0,29.96
14275,0,30.38
14286,1,51.86
14288,1,32.94
14289,1,29.6
14292,1,26.2
14295,1,33.36
14297,1,30.02
14298,1,35.12
14301,1,27.42
14304,1,32.02
14305,1,33.02
14306,1,40.94
14313,1,32.74
14314,1,34.14
14321,1,32.08
14326,1,31.66
14328,0,31.5
14329,1,32.52
14330,1,35.28
14336,1,37.7
14339,1,29.24
14340,1,29.06
14343,1,33.16
14344,1,35.58
14349,1,26.32
14354,1,32.1
14357,0,30.96
14360,1,32.68
14361,1,32.2
14362,0,28.38
14371,1,27.3
14373,1,27.12
14374,1,29.86
14375,1,32.8
14377,1,51.82
14378,1,31.18
14381,1,32.34
14386,1,31.94
14400,1,32.7
14402,1,29.24
14409,1,26.2
14414,1,32.92
14418,1,33.34
14420,1,29.62
14426,1,29.54
14428,1,32.86
14431,1,34.06
14439,1,32.22
14445,1,26.14
14452,1,33.26
14454,1,37.64
14455,1,30.32
14464,1,28.46
14470,1,33.24
14471,1,32.42
14473,1,30.28
14476,1,29.8
14481,1,51.98
14482,1,30.86
14483,0,30.72
14487,1,37.72
14494,1,27.4
14499,1,31.84
14501,1,33.0
14505,1,33.08
14506,1,34.08
14509,1,35.88
14510,1,35.26
14513,1,28.54
14518,1,27.9
14519,1,33.02
14525,0,31.86
14528,0,31.24
14530,1,32.28
14532,0,39.3
14534,1,39.94
14539,0,30.36
14540,1,34.06
14544,1,35.74
14546,1,30.54
14547,1,37.62
14555,0,37.84
14556,1,43.14
14557,1,38.9
14560,1,35.7
14561,1,31.94
14562,0,38.38
14563,1,28.82
14566,1,33.92
14569,1,30.4
14572,1,30.66
14579,1,35.62
14582,1,31.88
14583,1,32.28
14585,1,34.28
14589,1,31.3
14591,1,25.56
14597,1,31.48
14603,1,33.0
14604,1,42.58
14605,1,33.06
14612,1,27.48
14616,1,23.78
14627,1,30.42
14629,1,33.3
14630,1,32.58
14632,1,43.12
14633,1,27.26
14635,1,33.0
14636,1,54.52
14639,1,35.98
14648,1,32.32
14652,1,32.82
14653,1,33.94
14654,1,33.18
14655,1,32.56
14659,1,30.48
14662,1,43.48
14663,1,32.6
14666,1,25.94
14667,1,35.62
14669,1,30.06
14670,1,25.82
14671,1,32.58
14674,1,31.86
14675,1,27.36
14676,1,52.58
14683,1,34.62
14687,1,27.38
14691,0,39.0
14693,1,31.66
14694,0,29.24
14699,1,32.68
14707,1,33.1
14708,1,27.58
14710,0,35.88
14712,1,29.28
14716,0,31.92
14719,0,35.62
14720,1,34.18
14725,1,32.46
14731,1,17.34
14734,1,32.34
14735,1,35.96
14747,1,30.56
14749,1,29.76
14753,1,33.64
14756,1,27.64
14760,1,31.98
14763,1,31.98
14767,1,32.04
14770,1,34.08
14773,1,30.56
14776,1,30.96
14780,1,32.1
14781,0,32.32
14783,1,38.26
14784,1,33.0
14785,1,30.78
14793,1,28.42
14794,1,32.3
14797,0,36.72
14800,1,30.58
14806,1,32.94
14807,1,31.24
14809,1,27.08
14811,0,32.04
14813,1,36.04
14814,1,31.52
14817,1,31.98
14825,1,32.88
14828,1,36.88
14830,1,32.04
14835,1,30.54
14836,1,30.3
14838,1,30.8
14839,1,24.08
14840,1,33.6
14843,1,25.34
14844,1,32.04
14845,1,29.48
14846,1,31.08
14852,1,32.04
14853,1,27.68
14856,1,27.2
14858,1,30.8
14862,1,35.58
14872,1,42.98
14875,1,32.16
14877,1,29.28
14889,1,30.52
14890,1,30.86
14891,1,31.76
14900,1,43.82
14910,1,16.68
14912,1,27.14
14915,1,28.08
14917,1,29.7
14923,1,32.02
14926,1,30.78
14927,1,37.04
14928,1,30.8
14929,1,28.62
14930,1,27.68
14935,1,26.16
14936,1,28.28
14938,0,30.44
14940,0,36.5
14944,0,38.0
14946,1,31.24
14949,1,39.0
14951,1,32.28
14953,0,28.58
14957,1,27.26
14974,1,28.4
14977,1,26.7
14981,1,38.86
14987,1,51.92
14993,1,32.12
14994,1,30.32
14998,1,25.26
15002,1,31.46
15006,1,29.92
15007,1,42.88
15011,1,40.88
15012,1,33.38
15015,1,27.42
15020,1,27.84
15023,1,34.34
15029,1,38.94
15034,1,28.34
15038,1,23.8
15039,1,31.94
15046,1,28.4
15049,1,25.36
15050,1,27.44
15052,0,32.72
15054,1,23.86
15056,1,33.96
15059,1,39.0
15062,1,31.12
15063,1,53.56
15064,1,36.98
15076,1,27.38
15077,1,22.9
15080,1,26.44
15084,1,16.0
15089,1,43.24
15098,1,31.12
15101,1,30.26
15102,1,29.64
15103,1,38.12
15106,1,45.64
15108,1,27.9
15109,1,31.2
15114,1,43.0
15116,1,28.98
15119,1,27.24
15124,1,29.6
15126,1,27.2
15134,1,28.04
15136,1,27.18
15137,0,33.96
15138,1,25.3
15139,1,26.08
15142,1,24.48
15143,1,23.68
15147,1,40.82
15153,1,23.58
15157,1,31.02
15159,1,36.38
15162,1,37.56
15164,1,25.36
15165,1,28.44
15168,1,29.7
15175,1,25.02
15179,1,38.74
15180,1,32.98
15191,1,31.96
15192,1,39.6
15194,1,27.78
15196,1,23.96
15199,1,28.98
15206,1,38.32
15208,1,28.42
15211,1,29.92
15212,0,27.78
15213,1,34.28
15218,1,25.02
15221,1,29.68
15222,1,22.64
15224,1,28.92
15225,1,29.48
15235,1,33.2
15239,1,32.64
15241,1,38.04
15243,1,36.4
15245,1,28.68
15246,1,30.08
15248,1,36.52
15249,1,23.94
15255,1,35.04
15257,1,33.28
15262,1,38.0
15263,1,28.18
15268,1,29.06
15269,1,35.0
15273,1,29.26
15283,0,28.94
15284,1,28.86
15285,1,29.82
15289,0,34.84
15294,1,25.16
15296,1,28.48
15298,1,29.36
15301,1,34.52
15304,1,17.08
15305,1,22.2
15321,1,38.04
15323,1,35.0
15326,1,32.9
15327,1,22.24
15328,1,25.02
15329,1,32.02
15330,1,34.36
15335,1,38.06
15336,1,34.32
15340,1,51.44
15343,0,33.4
15344,1,48.26
15347,1,28.04
15352,1,28.58
15353,1,37.96
15359,1,35.76
15360,1,35.06
15364,1,28.66
15366,1,33.62
15377,1,31.96
15385,1,31.06
15394,1,38.52
15398,1,33.22
15399,1,32.04
15403,1,34.9
15404,1,41.78
15407,1,36.26
15408,1,35.08
15409,1,42.54
15411,1,46.78
15418,1,40.18
